timestamp,decision,setup_family,direction,h1_context,m15_zone,edge_id,sweep_id,entry,SL,TP1,R_abs,R_abs_bps,R_abs_ATR,TP1_R,body_ratio,acceptance_close_strength,opposite_wick_ratio,entry_edge_dist_band,acceptance_weakness_count,v10_1_result,v11_result,v11_1_result,duplicate_state,cooldown_state,setup_id,reason_tags,blocked_reason,expiry_time
2025-05-09 07:55:00,EXECUTE_CANDIDATE,SRR-1,short,unclear,upper_edge,H:104000.0@20,SWH:104373.0,104000.0,104396.20928571429,102327.9,396.2092857142852,38.097046703296655,1.7071153786969464,4.220244351379972,0.7171138317270307,0.8489189893201332,0.15108101067986685,0.0,0,PASS,PASS,PASS,fresh,clear,BTCUSDT|short|H:104000.0@20|SWH:104373.0,"v10_1_pass,v11_normal_Aplus,v11_1_clear",candidate_expired_no_fill,2025-05-09 08:25:00
2025-05-12 18:55:00,EXECUTE_CANDIDATE,SRR-1,long,unclear,lower_edge,L:101021.0@20,SWL:100678.0,101021.0,100639.32785714285,104620.1,381.67214285714726,37.78146552272767,0.9869433516189393,9.429821031887784,0.9415155349360247,0.9416561225924366,0.058343877407563374,0.0,0,PASS,PASS,PASS,fresh,clear,BTCUSDT|long|L:101021.0@20|SWL:100678.0,"v10_1_pass,v11_normal_Aplus,v11_1_clear",candidate_expired_no_fill,2025-05-12 19:25:00
2025-05-29 04:55:00,WATCH,SRR-1,long,unclear,lower_edge,L:107272.0@20,SWL:106877.4,107272.0,106860.24714285713,108450.0,411.7528571428702,38.384001150614345,2.40049138002837,2.8609394678499025,0.8600451467268623,0.8600451467268623,0.1399548532731377,0.0,0,PASS,PASS,WATCH,fresh,clear,BTCUSDT|long|L:107272.0@20|SWL:106877.4,"v10_1_pass,v11_normal_Aplus,late_reentry_after_prior_watch",stale_or_duplicate,
2025-05-29 14:40:00,EXECUTE_CANDIDATE,SRR-1,long,unclear,lower_edge,L:106882.0@20,SWL:106400.0,106882.0,106363.25214285715,108860.0,518.747857142851,48.53463231815002,1.4116411063813166,3.8130277990821755,0.9545844044558456,0.964153099114531,0.03584690088546901,0.0,0,PASS,PASS,PASS,fresh,clear,BTCUSDT|long|L:106882.0@20|SWL:106400.0,"v10_1_pass,v11_normal_Aplus,v11_1_clear",candidate_expired_no_fill,2025-05-29 15:10:00
2025-06-03 20:40:00,EXECUTE_CANDIDATE,SRR-1,long,unclear,lower_edge,L:105526.2@20,SWL:105300.1,105526.2,105284.43428571429,106698.5,241.76571428570605,22.910491829110313,1.5432792267006301,4.848909215533515,0.8054260279779767,0.8541754980924331,0.14582450190756688,0.0,0,PASS,PASS,PASS,fresh,clear,BTCUSDT|long|L:105526.2@20|SWL:105300.1,"v10_1_pass,v11_normal_Aplus,v11_1_clear",candidate_expired_no_fill,2025-06-03 21:10:00
2025-06-06 12:40:00,EXECUTE_CANDIDATE,SRR-1,short,unclear,upper_edge,H:103979.1@20,SWH:104293.8,103979.1,104308.13214285714,102997.3,329.0321428571333,31.644065283997772,2.295763767754747,2.983903005568375,0.49830717143740116,0.9252077562327214,0.07479224376727853,0.0,0,PASS,PASS,PASS,fresh,clear,BTCUSDT|short|H:103979.1@20|SWH:104293.8,"v10_1_pass,v11_normal_Aplus,v11_1_clear",candidate_expired_no_fill,2025-06-06 13:10:00
2025-06-18 17:40:00,EXECUTE_CANDIDATE,SRR-1,long,unclear,lower_edge,L:103750.0@20,SWL:103538.0,103750.0,103514.40142857142,105300.0,235.598571428578,22.708296041308724,0.9983594648586701,6.578987260412504,0.6924735397883279,0.9792238337906873,0.02077616620931268,0.0,0,PASS,PASS,PASS,fresh,clear,BTCUSDT|long|L:103750.0@20|SWL:103538.0,"v10_1_pass,v11_normal_Aplus,v11_1_clear",candidate_expired_no_fill,2025-06-18 18:10:00
2025-06-23 00:55:00,EXECUTE_CANDIDATE,SRR-1,short,unclear,upper_edge,H:101196.9@20,SWH:101580.6,101196.9,101603.12142857144,98115.4,406.22142857144354,40.141687005377,1.8037107516651392,7.585764273531046,1.0,1.0,0.0,0.0,0,PASS,PASS,PASS,fresh,clear,BTCUSDT|short|H:101196.9@20|SWH:101580.6,"v10_1_pass,v11_normal_Aplus,v11_1_clear",candidate_expired_no_fill,2025-06-23 01:25:00
2025-06-23 13:40:00,WATCH,SRR-1,long,unclear,lower_edge,L:101045.6@20,SWL:100749.8,101045.6,100730.25,101888.0,315.3500000000058,31.208682020791187,1.6130434782608907,2.6713175836371605,0.8917361637604334,0.9557240333586094,0.044275966641390586,0.0,0,PASS,PASS,WATCH,fresh,clear,BTCUSDT|long|L:101045.6@20|SWL:100749.8,"v10_1_pass,v11_normal_Aplus,late_reentry_after_prior_watch",stale_or_duplicate,
2025-06-26 15:40:00,EXECUTE_CANDIDATE,SRR-1,long,unclear,lower_edge,L:106741.2@20,SWL:106500.0,106741.2,106477.59642857143,107724.5,263.6035714285681,24.695578785751717,1.176614060258235,3.7302226015798112,0.9841748304446225,0.9996232102487141,0.0003767897512858743,0.0,0,PASS,PASS,PASS,fresh,clear,BTCUSDT|long|L:106741.2@20|SWL:106500.0,"v10_1_pass,v11_normal_Aplus,v11_1_clear",candidate_expired_no_fill,2025-06-26 16:10:00
2025-07-02 01:25:00,EXECUTE_CANDIDATE,SRR-1,long,unclear,lower_edge,L:105304.5@20,SWL:105010.0,105304.5,104998.00071428572,106066.1,306.4992857142788,29.106000761057583,2.5543127567116826,2.484834502061371,0.6064705882353284,0.6064705882353284,0.39352941176467165,0.0,0,PASS,PASS,PASS,fresh,clear,BTCUSDT|long|L:105304.5@20|SWL:105010.0,"v10_1_pass,v11_normal_Aplus,v11_1_clear",candidate_expired_no_fill,2025-07-02 01:55:00
2025-07-20 22:25:00,EXECUTE_CANDIDATE,SRR-1,long,unclear,lower_edge,L:116800.0@20,SWL:116370.1,116800.0,116343.68357142858,118549.4,456.3164285714156,39.068187377689696,1.727396371305705,3.833743188858705,0.4397918145256576,0.8216229004021546,0.1783770995978454,0.0,0,PASS,PASS,PASS,fresh,clear,BTCUSDT|long|L:116800.0@20|SWL:116370.1,"v10_1_pass,v11_normal_Aplus,v11_1_clear",candidate_expired_no_fill,2025-07-20 22:55:00
2025-07-22 14:10:00,EXECUTE_CANDIDATE,SRR-1,long,unclear,lower_edge,L:117837.7@20,SWL:117522.0,117837.7,117485.735,119582.3,351.9649999999965,29.868624387610797,0.970536329794557,4.9567428579546915,0.9049241778837926,0.9050945646617886,0.09490543533821139,0.0,0,PASS,PASS,PASS,fresh,clear,BTCUSDT|long|L:117837.7@20|SWL:117522.0,"v10_1_pass,v11_normal_Aplus,v11_1_clear",candidate_expired_no_fill,2025-07-22 14:40:00
2025-07-24 07:10:00,EXECUTE_CANDIDATE,SRR-1,long,unclear,lower_edge,L:117336.6@20,SWL:117050.2,117336.6,117029.30428571429,119265.4,307.29571428571944,26.18924651691965,1.4706159841389634,6.276690205339525,0.6553362573099556,0.9289108187134606,0.07108918128653945,0.0,0,PASS,PASS,PASS,fresh,clear,BTCUSDT|long|L:117336.6@20|SWL:117050.2,"v10_1_pass,v11_normal_Aplus,v11_1_clear",candidate_expired_no_fill,2025-07-24 07:40:00
2025-07-31 13:40:00,EXECUTE_CANDIDATE,SRR-1,long,unclear,lower_edge,L:118063.9@20,SWL:117783.3,118063.9,117764.83285714286,118728.0,299.0671428571368,25.330955766931027,1.6194554034191708,2.220571586886908,0.9237103007897919,0.9729457234078449,0.02705427659215511,0.0,0,PASS,PASS,PASS,fresh,clear,BTCUSDT|long|L:118063.9@20|SWL:117783.3,"v10_1_pass,v11_normal_Aplus,v11_1_clear",candidate_expired_no_fill,2025-07-31 14:10:00
2025-08-01 14:10:00,EXECUTE_CANDIDATE,SRR-1,long,unclear,lower_edge,L:114121.0@20,SWL:113871.1,114121.0,113838.705,115956.0,282.29499999999825,24.736463928636994,0.8714153418737373,6.5002922474716565,0.9346031746031561,0.9347619047618955,0.06523809523810448,0.0,0,PASS,PASS,PASS,fresh,clear,BTCUSDT|long|L:114121.0@20|SWL:113871.1,"v10_1_pass,v11_normal_Aplus,v11_1_clear",candidate_expired_no_fill,2025-08-01 14:40:00
2025-08-11 08:10:00,EXECUTE_CANDIDATE,SRR-1,long,unclear,lower_edge,L:121432.3@20,SWL:121166.8,121432.3,121146.98214285714,122450.0,285.317857142858,23.49604323914296,1.4397008469994788,3.566899072463022,0.5229725562750224,0.9901325932777933,0.009867406722206639,0.0,0,PASS,PASS,PASS,fresh,clear,BTCUSDT|long|L:121432.3@20|SWL:121166.8,"v10_1_pass,v11_normal_Aplus,v11_1_clear",candidate_expired_no_fill,2025-08-11 08:40:00
2025-08-22 15:55:00,EXECUTE_CANDIDATE,SRR-1,short,unclear,upper_edge,H:116929.5@20,SWH:117266.9,116929.5,117297.5907142857,111625.9,368.09071428570314,31.479713355971178,1.199355319198415,14.408404760472928,0.8651943869335366,0.9997699562917155,0.00023004370828449394,0.0,0,PASS,PASS,PASS,fresh,clear,BTCUSDT|short|H:116929.5@20|SWH:117266.9,"v10_1_pass,v11_normal_Aplus,v11_1_clear",candidate_expired_no_fill,2025-08-22 16:25:00
2025-08-25 13:55:00,WATCH,SRR-1,long,unclear,lower_edge,L:110750.0@20,SWL:110532.2,110750.0,110504.88214285714,111789.9,245.11785714286088,22.13253789100324,0.8972806902863292,4.242448967697666,0.33005893909624,0.7316867808026802,0.26831321919731976,0.0,0,PASS,PASS,WATCH,duplicate,clear,BTCUSDT|long|L:110750.0@20|SWL:110532.2,"v10_1_pass,v11_normal_Aplus,active_setup_exists,same_edge_same_sweep_reentry,duplicate_promotion_candidate",stale_or_duplicate,
2025-08-25 13:50:00,EXECUTE_CANDIDATE,SRR-1,long,unclear,lower_edge,L:110750.0@20,SWL:110532.2,110750.0,110506.34785714286,111789.9,243.6521428571432,22.000193485972297,0.9424833531345921,4.267969851632714,0.5953961930057573,0.9694555112881847,0.030544488711815226,0.0,0,PASS,PASS,PASS,fresh,clear,BTCUSDT|long|L:110750.0@20|SWL:110532.2,"v10_1_pass,v11_normal_Aplus,v11_1_clear",candidate_expired_no_fill,2025-08-25 14:20:00
2025-08-26 01:10:00,WATCH,SRR-1,long,unclear,lower_edge,L:108858.8@20,SWL:108559.7,108858.8,108515.59214285715,111050.0,343.2078571428574,31.527800889120343,0.7781104759437111,6.384469220027001,0.8048339733453597,0.8852496046984341,0.11475039530156594,0.0,0,PASS,PASS,WATCH,fresh,active,BTCUSDT|long|L:108858.8@20|SWL:108559.7,"v10_1_pass,v11_normal_Aplus,cooldown_active",stale_or_duplicate,
2025-10-14 06:55:00,WATCH,SRR-1,long,unclear,lower_edge,L:111750.0@20,SWL:111302.0,111750.0,111273.51642857143,114463.8,476.48357142857276,42.638350910834255,1.672836472151873,5.695474435484949,0.36717731421119004,0.7845501955671278,0.2154498044328722,0.0,0,PASS,PASS,WATCH,fresh,clear,BTCUSDT|long|L:111750.0@20|SWL:111302.0,"v10_1_pass,v11_normal_Aplus,late_reentry_after_prior_watch",stale_or_duplicate,
2025-10-15 13:55:00,EXECUTE_CANDIDATE,SRR-1,long,unclear,lower_edge,L:111100.0@20,SWL:110666.0,111100.0,110634.26714285715,113169.0,465.73285714285157,41.92014915777242,1.4676675820465346,4.442460883461756,0.5995721509140503,0.8901205756514968,0.10987942434850315,0.0,0,PASS,PASS,PASS,fresh,clear,BTCUSDT|long|L:111100.0@20|SWL:110666.0,"v10_1_pass,v11_normal_Aplus,v11_1_clear",candidate_expired_no_fill,2025-10-15 14:25:00
2025-10-16 12:10:00,EXECUTE_CANDIDATE,SRR-1,short,unclear,upper_edge,H:111711.4@20,SWH:111960.0,111711.4,111982.51285714285,109403.5,271.1128571428562,24.269041220757796,1.204257884383516,8.512691077516488,0.6718689036285413,0.7861880608661636,0.21381193913383648,0.0,0,PASS,PASS,PASS,fresh,clear,BTCUSDT|short|H:111711.4@20|SWH:111960.0,"v10_1_pass,v11_normal_Aplus,v11_1_clear",candidate_expired_no_fill,2025-10-16 12:40:00
2025-10-20 08:40:00,EXECUTE_CANDIDATE,SRR-1,short,unclear,upper_edge,H:111350.0@20,SWH:111650.0,111350.0,111667.10642857142,108607.6,317.10642857142375,28.478350118672992,1.853726669171978,8.64820058159845,0.45577573707102453,0.9797003383276736,0.02029966167232642,0.0,0,PASS,PASS,PASS,fresh,clear,BTCUSDT|short|H:111350.0@20|SWH:111650.0,"v10_1_pass,v11_normal_Aplus,v11_1_clear",candidate_expired_no_fill,2025-10-20 09:10:00
2025-11-09 20:10:00,EXECUTE_CANDIDATE,SRR-1,short,unclear,upper_edge,H:104780.0@20,SWH:105036.5,104780.0,105057.53571428571,102922.0,277.5357142857101,26.487470346030744,1.3193548387096643,6.694633895251677,0.7988545246277139,1.0,0.0,0.0,0,PASS,PASS,PASS,fresh,clear,BTCUSDT|short|H:104780.0@20|SWH:105036.5,"v10_1_pass,v11_normal_Aplus,v11_1_clear",candidate_expired_no_fill,2025-11-09 20:40:00
2025-11-13 03:25:00,WATCH,SRR-1,long,unclear,lower_edge,L:101243.3@20,SWL:100850.0,101243.3,100824.92857142857,102581.7,418.3714285714377,41.323369405327334,1.6687179487179646,3.199071228573296,0.5080443332141841,0.992134429746167,0.00786557025383308,0.0,0,PASS,PASS,WATCH,duplicate,clear,BTCUSDT|long|L:101243.3@20|SWL:100850.0,"v10_1_pass,v11_normal_Aplus,active_setup_exists,same_edge_same_sweep_reentry,duplicate_promotion_candidate",stale_or_duplicate,
2025-11-13 03:20:00,EXECUTE_CANDIDATE,SRR-1,long,unclear,lower_edge,L:101243.3@20,SWL:100850.0,101243.3,100825.81,102581.7,417.49000000000524,41.23630897056943,1.725878462174456,3.2058252892284305,0.4647584973166334,0.9998807394156162,0.00011926058438380532,0.0,0,PASS,PASS,PASS,fresh,clear,BTCUSDT|long|L:101243.3@20|SWL:100850.0,"v10_1_pass,v11_normal_Aplus,v11_1_clear",candidate_expired_no_fill,2025-11-13 03:50:00
2025-11-18 02:25:00,EXECUTE_CANDIDATE,SRR-1,long,unclear,lower_edge,L:91103.4@20,SWL:90700.0,91103.4,90668.78142857143,92370.9,434.6185714285675,47.706075890534,1.3921795634466474,2.916350297305052,0.7406181015452566,0.7718910963944101,0.2281089036055899,0.0,0,PASS,PASS,PASS,fresh,clear,BTCUSDT|long|L:91103.4@20|SWL:90700.0,"v10_1_pass,v11_normal_Aplus,v11_1_clear",candidate_expired_no_fill,2025-11-18 02:55:00
2025-11-18 03:40:00,EXECUTE_CANDIDATE,SRR-1,long,unclear,lower_edge,L:89989.3@20,SWL:89666.1,89989.3,89625.41357142858,92370.9,363.8864285714226,40.43663286317624,0.8943680764031373,6.544899213059104,0.901484751203841,0.9184390048154066,0.08156099518459337,0.0,0,PASS,PASS,PASS,fresh,clear,BTCUSDT|long|L:89989.3@20|SWL:89666.1,"v10_1_pass,v11_normal_Aplus,v11_1_clear",candidate_expired_no_fill,2025-11-18 04:10:00
2025-11-21 02:25:00,WATCH,SRR-1,long,unclear,lower_edge,L:86367.3@20,SWL:86136.0,86367.3,86105.64,88214.1,261.6600000000035,30.296188488004542,0.8618577075098941,7.058014216922641,0.5982717041800807,0.8122990353697888,0.1877009646302112,0.0,0,PASS,PASS,WATCH,fresh,clear,BTCUSDT|long|L:86367.3@20|SWL:86136.0,"v10_1_pass,v11_normal_Aplus,late_reentry_after_prior_watch",stale_or_duplicate,
2025-11-24 16:55:00,EXECUTE_CANDIDATE,SRR-1,short,unclear,upper_edge,H:87487.8@20,SWH:87678.7,87487.8,87706.88428571429,85226.4,219.08428571428522,25.041695609477575,0.7773277915758562,10.322054786481457,0.6409756097560692,0.7580487804877765,0.2419512195122235,0.0,0,PASS,PASS,PASS,fresh,clear,BTCUSDT|short|H:87487.8@20|SWH:87678.7,"v10_1_pass,v11_normal_Aplus,v11_1_clear",candidate_expired_no_fill,2025-11-24 17:25:00
2025-11-28 16:40:00,WATCH,SRR-1,long,unclear,lower_edge,L:91052.6@20,SWL:90878.1,91052.6,90851.17571428572,93080.0,201.42428571428172,22.121750033967366,0.7481137581577834,10.065320538735037,0.36146907216499274,0.7332474226804448,0.26675257731955515,0.0,0,PASS,PASS,WATCH,duplicate,clear,BTCUSDT|long|L:91052.6@20|SWL:90878.1,"v10_1_pass,v11_normal_Aplus,active_setup_exists,same_edge_same_sweep_reentry,duplicate_promotion_candidate",stale_or_duplicate,
2025-12-09 05:25:00,EXECUTE_CANDIDATE,SRR-1,long,unclear,lower_edge,L:89653.5@20,SWL:89368.9,89653.5,89350.94499999999,90810.8,302.55500000000757,33.74714874489089,1.6850737956001556,3.825089653120834,0.5796019900498656,0.8955223880597664,0.10447761194023368,0.0,0,PASS,PASS,PASS,fresh,clear,BTCUSDT|long|L:89653.5@20|SWL:89368.9,"v10_1_pass,v11_normal_Aplus,v11_1_clear",candidate_expired_no_fill,2025-12-09 05:55:00
2025-12-11 21:40:00,EXECUTE_CANDIDATE,SRR-1,short,unclear,upper_edge,H:93254.7@20,SWH:93547.3,93254.7,93584.51214285714,89422.0,329.8121428571467,35.36681184510236,0.8863024742307727,11.620857761019657,0.6840654291490408,0.80297739386143,0.19702260613857,0.0,0,PASS,PASS,PASS,fresh,clear,BTCUSDT|short|H:93254.7@20|SWH:93547.3,"v10_1_pass,v11_normal_Aplus,v11_1_clear",candidate_expired_no_fill,2025-12-11 22:10:00
2025-12-16 13:35:00,EXECUTE_CANDIDATE,SRR-1,short,unclear,upper_edge,H:87530.2@20,SWH:87776.3,87530.2,87799.77785714286,86038.5,269.5778571428673,30.798268156918105,1.1482217286805547,5.5334663455294315,0.514083775075359,0.9814988046980534,0.018501195301946577,0.0,0,PASS,PASS,PASS,fresh,clear,BTCUSDT|short|H:87530.2@20|SWH:87776.3,"v10_1_pass,v11_normal_Aplus,v11_1_clear",candidate_expired_no_fill,2025-12-16 14:05:00
2025-12-18 14:10:00,WATCH,SRR-1,short,unclear,upper_edge,H:89173.9@20,SWH:89447.9,89173.9,89490.60285714285,86755.0,316.70285714285274,35.51519639074356,0.7416432490298311,7.637758692239772,0.5009420631182495,1.0,0.0,0.0,0,PASS,PASS,WATCH,duplicate,clear,BTCUSDT|short|H:89173.9@20|SWH:89447.9,"v10_1_pass,v11_normal_Aplus,active_setup_exists,same_edge_same_sweep_reentry,duplicate_promotion_candidate",stale_or_duplicate,
2026-01-02 14:40:00,EXECUTE_CANDIDATE,SRR-1,long,unclear,lower_edge,L:88680.0@20,SWL:88401.2,88680.0,88380.11714285714,89900.0,299.8828571428603,33.81628970938885,1.4224014094050736,4.068255223468168,0.721656976744186,0.8768895348837251,0.12311046511627484,0.0,0,PASS,PASS,PASS,fresh,clear,BTCUSDT|long|L:88680.0@20|SWL:88401.2,"v10_1_pass,v11_normal_Aplus,v11_1_clear",candidate_expired_no_fill,2026-01-02 15:10:00
2026-01-06 18:10:00,EXECUTE_CANDIDATE,SRR-1,long,unclear,lower_edge,L:91480.2@20,SWL:91209.0,91480.2,91179.53928571429,94415.4,300.6607142857101,32.86620648902277,1.0205479452054582,9.762499257587582,0.32359494924486004,0.8261946026244167,0.17380539737558331,0.0,0,PASS,PASS,PASS,fresh,clear,BTCUSDT|long|L:91480.2@20|SWL:91209.0,"v10_1_pass,v11_normal_Aplus,v11_1_clear",candidate_expired_no_fill,2026-01-06 18:40:00
2026-01-08 07:10:00,EXECUTE_CANDIDATE,SRR-1,long,unclear,lower_edge,L:89828.4@20,SWL:89588.1,89828.4,89565.97928571429,91440.5,262.4207142857049,29.213557659460136,1.1863121185701484,6.143188827101762,0.3399113975030517,0.6137736608941077,0.38622633910589227,0.0,0,PASS,PASS,PASS,fresh,clear,BTCUSDT|long|L:89828.4@20|SWL:89588.1,"v10_1_pass,v11_normal_Aplus,v11_1_clear",candidate_expired_no_fill,2026-01-08 07:40:00
2026-01-15 14:55:00,WATCH,SRR-1,long,unclear,lower_edge,L:95765.6@20,SWL:95550.0,95765.6,95523.85,97155.0,241.75,25.24392892646211,0.9244741873804935,5.747259565666988,0.8153676064124088,0.9742951907131325,0.02570480928686749,0.0,0,PASS,PASS,WATCH,duplicate,clear,BTCUSDT|long|L:95765.6@20|SWL:95550.0,"v10_1_pass,v11_normal_Aplus,active_setup_exists,same_edge_same_sweep_reentry,duplicate_promotion_candidate",stale_or_duplicate,
2026-01-15 14:50:00,EXECUTE_CANDIDATE,SRR-1,long,unclear,lower_edge,L:95765.6@20,SWL:95550.0,95765.6,95525.30928571429,97155.0,240.29071428571478,25.09154793430154,0.9732027656435275,5.7821626779466175,0.4150749640583451,0.8874512220168638,0.1125487779831362,0.0,0,PASS,PASS,PASS,fresh,clear,BTCUSDT|long|L:95765.6@20|SWL:95550.0,"v10_1_pass,v11_normal_Aplus,v11_1_clear",candidate_expired_no_fill,2026-01-15 15:20:00
2026-01-26 17:40:00,WATCH,SRR-1,long,unclear,lower_edge,L:87159.6@20,SWL:86960.0,87159.6,86934.49642857142,88834.1,225.10357142858265,25.82659528366154,0.88263548522621,7.43879801361241,0.8556348074179992,0.8556348074179992,0.14436519258200076,0.0,0,PASS,PASS,WATCH,duplicate,clear,BTCUSDT|long|L:87159.6@20|SWL:86960.0,"v10_1_pass,v11_normal_Aplus,active_setup_exists,same_edge_same_sweep_reentry,duplicate_promotion_candidate",stale_or_duplicate,
2026-01-26 17:35:00,EXECUTE_CANDIDATE,SRR-1,long,unclear,lower_edge,L:87159.6@20,SWL:86960.0,87159.6,86935.36285714286,88834.1,224.2371428571496,25.727188153358846,0.910158877420887,7.46754074130681,0.37435645991664446,0.6256435400833555,0.0,0.0,1,PASS,PASS,PASS,fresh,clear,BTCUSDT|long|L:87159.6@20|SWL:86960.0,"v10_1_pass,body_not_aligned,v11_normal_Aplus,v11_1_clear",candidate_expired_no_fill,2026-01-26 18:05:00
2026-03-02 16:55:00,EXECUTE_CANDIDATE,SRR-1,short,unclear,upper_edge,H:69842.0@20,SWH:70100.0,69842.0,70139.09714285714,65234.4,297.0971428571356,42.53846437059873,0.7598947676117962,15.508732112633085,0.9074682949741775,0.9718177548144661,0.028182245185533885,0.0,0,PASS,PASS,PASS,fresh,clear,BTCUSDT|short|H:69842.0@20|SWH:70100.0,"v10_1_pass,v11_normal_Aplus,v11_1_clear",candidate_expired_no_fill,2026-03-02 17:25:00
2026-03-03 14:55:00,EXECUTE_CANDIDATE,SRR-1,long,unclear,lower_edge,L:66336.2@20,SWL:66080.0,66336.2,66044.25785714286,68000.0,291.9421428571368,44.00947640310069,0.8168008953016486,5.699074425216475,0.9200584048183935,0.9642270487315103,0.0357729512684897,0.0,0,PASS,PASS,PASS,fresh,clear,BTCUSDT|long|L:66336.2@20|SWL:66080.0,"v10_1_pass,v11_normal_Aplus,v11_1_clear",candidate_expired_no_fill,2026-03-03 15:25:00
2026-03-09 03:25:00,EXECUTE_CANDIDATE,SRR-1,short,unclear,upper_edge,H:67428.2@20,SWH:67646.0,67428.2,67672.01,65569.2,243.80999999999767,36.1584618898321,0.9373702422145216,7.624789795332504,0.8745426032409814,0.9395365046175337,0.060463495382466356,0.0,0,PASS,PASS,PASS,fresh,clear,BTCUSDT|short|H:67428.2@20|SWH:67646.0,"v10_1_pass,v11_normal_Aplus,v11_1_clear",candidate_expired_no_fill,2026-03-09 03:55:00
2026-03-13 00:40:00,EXECUTE_CANDIDATE,SRR-1,short,unclear,upper_edge,H:71726.0@20,SWH:71979.2,71726.0,72005.04714285715,69974.7,279.04714285714726,38.90460124043544,1.0796053722434156,6.276000470990476,0.6578859619872711,0.7692564188062366,0.23074358119376334,0.0,1,PASS,PASS,PASS,fresh,clear,BTCUSDT|short|H:71726.0@20|SWH:71979.2,"v10_1_pass,weak_retest,v11_normal_Aplus,v11_1_clear",candidate_expired_no_fill,2026-03-13 01:10:00
2026-03-17 15:10:00,EXECUTE_CANDIDATE,SRR-1,short,unclear,upper_edge,H:74388.0@20,SWH:74856.2,74388.0,74880.68285714285,73330.3,492.68285714284866,66.23149663156002,2.012358501575408,2.146817135334845,0.8447575182877215,0.9254944459496083,0.07450555405039168,0.0,0,PASS,PASS,PASS,fresh,clear,BTCUSDT|short|H:74388.0@20|SWH:74856.2,"v10_1_pass,v11_normal_Aplus,v11_1_clear",candidate_expired_no_fill,2026-03-17 15:40:00
2026-03-22 00:10:00,EXECUTE_CANDIDATE,SRR-1,long,unclear,lower_edge,L:68511.3@20,SWL:68189.0,68511.3,68161.07571428572,70482.2,350.22428571428463,51.11920014863017,1.2541924592008984,5.627536639785934,0.6794936708860858,0.8187341772151997,0.1812658227848003,0.0,0,PASS,PASS,PASS,fresh,clear,BTCUSDT|long|L:68511.3@20|SWL:68189.0,"v10_1_pass,v11_normal_Aplus,v11_1_clear",candidate_expired_no_fill,2026-03-22 00:40:00
2026-03-22 21:25:00,EXECUTE_CANDIDATE,SRR-1,long,unclear,lower_edge,L:67523.0@20,SWL:67300.0,67523.0,67281.11142857143,68820.0,241.8885714285716,35.82313751293213,1.2806080774466766,5.361973045440045,0.7396622015142816,0.9633080955154587,0.0366919044845413,0.0,0,PASS,PASS,PASS,fresh,clear,BTCUSDT|long|L:67523.0@20|SWL:67300.0,"v10_1_pass,v11_normal_Aplus,v11_1_clear",candidate_expired_no_fill,2026-03-22 21:55:00
2026-03-25 15:25:00,EXECUTE_CANDIDATE,SRR-1,long,unclear,lower_edge,L:70704.6@20,SWL:70531.4,70704.6,70510.01999999999,71999.9,194.5800000000163,27.52013306065182,0.9101028999065361,6.656902045430567,0.84891075193254,0.8647224174279718,0.13527758257202815,0.0,0,PASS,PASS,PASS,fresh,clear,BTCUSDT|long|L:70704.6@20|SWL:70531.4,"v10_1_pass,v11_normal_Aplus,v11_1_clear",candidate_expired_no_fill,2026-03-25 15:55:00
2026-03-26 15:25:00,EXECUTE_CANDIDATE,SRR-1,long,unclear,lower_edge,L:68806.8@20,SWL:68553.4,68806.8,68528.94071428571,69872.2,277.85928571429395,40.38253278953446,1.136007359168325,3.8343149024556307,0.7501618122977911,0.9896440129450403,0.01035598705495967,0.0,0,PASS,PASS,PASS,fresh,clear,BTCUSDT|long|L:68806.8@20|SWL:68553.4,"v10_1_pass,v11_normal_Aplus,v11_1_clear",candidate_expired_no_fill,2026-03-26 15:55:00
2026-04-01 17:10:00,EXECUTE_CANDIDATE,SRR-1,short,unclear,upper_edge,H:68961.6@20,SWH:69142.6,68961.6,69160.11214285715,67883.7,198.51214285714377,28.785895753164624,1.1335685442753871,5.4298945368581455,0.8791569086651599,0.8791569086651599,0.12084309133484009,0.0,0,PASS,PASS,PASS,fresh,clear,BTCUSDT|short|H:68961.6@20|SWH:69142.6,"v10_1_pass,v11_normal_Aplus,v11_1_clear",candidate_expired_no_fill,2026-04-01 17:40:00
2026-04-05 15:40:00,EXECUTE_CANDIDATE,SRR-1,short,unclear,upper_edge,H:67521.7@20,SWH:67828.6,67521.7,67841.00928571429,66650.0,319.30928571429104,47.28987654550922,2.5731479882576798,2.7299550592461306,0.4978083907326327,0.9279899812147764,0.0720100187852236,0.0,0,PASS,PASS,PASS,fresh,clear,BTCUSDT|short|H:67521.7@20|SWH:67828.6,"v10_1_pass,v11_normal_Aplus,v11_1_clear",candidate_expired_no_fill,2026-04-05 16:10:00
2026-04-06 16:55:00,EXECUTE_CANDIDATE,SRR-1,short,unclear,upper_edge,H:70098.1@20,SWH:70332.5,70098.1,70347.57,69088.0,249.47000000000116,35.58869641259908,1.655408095554075,4.048983845753001,0.9908565928777252,1.0,0.0,0.0,0,PASS,PASS,PASS,fresh,clear,BTCUSDT|short|H:70098.1@20|SWH:70332.5,"v10_1_pass,v11_normal_Aplus,v11_1_clear",candidate_expired_no_fill,2026-04-06 17:25:00
2026-04-09 21:10:00,EXECUTE_CANDIDATE,SRR-1,short,unclear,upper_edge,H:72517.9@20,SWH:72666.6,72517.9,72680.33428571429,71688.8,162.43428571429104,22.399198779100203,1.1826919076347007,5.1042179694643535,0.43141337034466515,0.9997686791580124,0.00023132084198766638,0.0,0,PASS,PASS,PASS,fresh,clear,BTCUSDT|short|H:72517.9@20|SWH:72666.6,"v10_1_pass,v11_normal_Aplus,v11_1_clear",candidate_expired_no_fill,2026-04-09 21:40:00
2026-04-14 14:40:00,WATCH,SRR-1,short,unclear,upper_edge,H:75830.0@20,SWH:76009.0,75830.0,76038.46714285715,74234.0,208.46714285714552,27.491381096814653,0.7074562466669974,7.655882735888395,0.47330660476895053,0.6870647815994836,0.3129352184005164,0.0,0,PASS,PASS,WATCH,duplicate,clear,BTCUSDT|short|H:75830.0@20|SWH:76009.0,"v10_1_pass,v11_normal_Aplus,active_setup_exists,same_edge_same_sweep_reentry,duplicate_promotion_candidate",stale_or_duplicate,
2026-04-14 14:35:00,EXECUTE_CANDIDATE,SRR-1,short,unclear,upper_edge,H:75830.0@20,SWH:76009.0,75830.0,76036.73714285715,74234.0,206.7371428571496,27.263239200468096,0.7453440461475292,7.719948036153318,0.4422099915325926,0.8774343776460735,0.12256562235392653,0.0,0,PASS,PASS,PASS,fresh,clear,BTCUSDT|short|H:75830.0@20|SWH:76009.0,"v10_1_pass,v11_normal_Aplus,v11_1_clear",candidate_expired_no_fill,2026-04-14 15:05:00
2026-04-23 00:20:00,EXECUTE_CANDIDATE,SRR-1,long,unclear,lower_edge,L:77839.0@20,SWL:77526.8,77839.0,77507.36214285715,79020.0,331.6378571428504,42.6056163546359,1.7061441222944642,3.5611133486829085,0.6004371836171145,0.9597330878969166,0.04026691210308343,0.0,0,PASS,PASS,PASS,fresh,clear,BTCUSDT|long|L:77839.0@20|SWL:77526.8,"v10_1_pass,v11_normal_Aplus,v11_1_clear",candidate_expired_no_fill,2026-04-23 00:50:00
2026-04-28 07:25:00,EXECUTE_CANDIDATE,SRR-1,long,unclear,lower_edge,L:76500.0@20,SWL:76324.1,76500.0,76312.69714285716,77187.7,187.302857142844,24.48403361344366,1.6425958406413341,3.6715937519070088,0.8148558758315119,0.8957871396895593,0.10421286031044077,0.0,0,PASS,PASS,PASS,fresh,clear,BTCUSDT|long|L:76500.0@20|SWL:76324.1,"v10_1_pass,v11_normal_Aplus,v11_1_clear",candidate_expired_no_fill,2026-04-28 07:55:00
