fill_time,direction,entry,result_R,mfe_R,mae_R,RR,exit_time,TP1_R,R_abs_bps,R_abs_ATR,body_ratio,close_strength,h1_context,m15_zone
2025-05-07 01:16:00,short,97476.9,-1.3181,7.1737,1.3181,12.5527,2025-05-08 01:00:00,12.552700442350947,25.146324044833403,1.113235580354298,0.35934360348292305,0.8476222371065,bullish,upper_edge
2025-05-14 15:04:00,long,103040.9,-1.3523,0.4355,1.0297,5.4628,2025-05-14 15:05:00,5.462832928303888,22.705824303053205,0.7531916850625143,0.6357315598548564,0.7920193470374779,bullish,lower_edge
2025-05-20 00:26:00,short,105964.3,-1.1423,0.7173,1.0335,1.9591,2025-05-20 01:41:00,1.9590761070265956,56.22082154083881,3.1621019108280213,0.8697502058742859,0.9818830634092819,bullish,upper_edge
2025-05-28 14:27:00,long,107793.6,-1.3403,0.451,1.0796,4.8077,2025-05-28 14:39:00,4.807666290867914,23.510539719294997,0.9106776180698518,0.7721477607061291,0.9362536776724438,bearish,lower_edge
2025-05-30 07:57:00,long,104950.0,-1.2851,1.2673,1.1467,4.4688,2025-05-30 09:42:00,4.46876424988591,28.059892465800612,1.1832281023992763,0.3473722102231785,0.8437724982001665,bearish,lower_edge
2025-06-05 20:26:00,long,101311.1,-1.1632,0.5657,1.1883,7.0762,2025-06-05 20:42:00,7.076211394814011,49.015289115830406,1.2237260389713245,0.39180097011424214,0.9133156000625959,bearish,lower_edge
2025-06-08 14:22:00,short,105834.2,-1.2238,0.6501,1.1744,2.3974,2025-06-08 17:08:00,2.397369827418484,35.73966233437448,3.0386584036266293,0.7870900572618714,0.7873503383654407,bullish,upper_edge
2025-06-13 00:54:00,long,103500.0,-1.2097,1.1398,1.1173,10.8529,2025-06-13 01:05:00,10.852858481724653,38.14396135265639,0.8814244250948721,0.5010000000000097,0.8001666666666764,bearish,lower_edge
2025-06-17 14:36:00,long,105140.7,-1.3481,0.4474,1.4084,6.1147,2025-06-17 14:42:00,6.114650434720835,22.980294840288593,1.0452152149059295,0.4991655850176073,0.9530873354348178,bearish,lower_edge
2025-07-25 03:11:00,long,116300.0,-1.1762,0.0627,1.4939,4.3327,2025-07-25 03:31:00,4.3326882217777065,45.4125414568237,2.187141716212622,0.5546063651591387,0.8994974874371859,bearish,lower_edge
2025-08-01 18:52:00,long,113871.1,-1.3386,1.0761,1.0523,7.3893,2025-08-01 19:15:00,7.389295708830914,23.62533476134876,0.8871578649833283,0.5517484987636662,0.783115506887999,bearish,lower_edge
2025-08-25 20:09:00,long,110601.7,-1.2135,0.4462,1.8009,5.5404,2025-08-25 20:12:00,5.54035909607215,37.46900557844643,1.2667940348042337,0.32542168674699495,0.8439759036144578,bearish,lower_edge
2025-08-26 00:54:00,long,109130.1,-1.2859,0.4998,1.8682,7.26,2025-08-26 01:02:00,7.259974967539635,27.977419350193756,0.8975223097112913,0.3976487876561224,0.8362968405584001,bearish,lower_edge
2025-09-06 16:13:00,long,110285.2,-1.3451,0.1725,1.7022,2.6257,2025-09-06 16:22:00,2.6256869302356316,23.182297223147025,2.191471254515372,0.5377833753148925,1.0,bearish,lower_edge
2025-09-10 13:58:00,short,113977.0,-1.2678,2.5432,1.3397,5.6297,2025-09-11 03:57:00,5.629707942381403,29.875764408608703,1.1498058416343155,0.9432341851696866,0.9436531210724874,bullish,upper_edge
2025-09-12 00:56:00,short,115980.0,-1.2909,4.0716,1.0398,5.597,2025-09-12 18:31:00,5.597027461045795,27.497782868968066,1.6856835428701016,0.7641535487434207,0.9030654515327112,bullish,upper_edge
2025-09-17 18:34:00,long,115325.5,-1.1697,0.4113,1.2918,1.8221,2025-09-17 18:46:00,1.8221429725883462,47.13534424613096,1.427095092542249,0.4854456698607796,0.9068884469354557,bearish,lower_edge
2025-10-09 15:16:00,long,121177.3,-1.174,0.3021,1.0442,4.5997,2025-10-09 15:46:00,4.599655659125579,45.97991066455081,1.1912478428857336,0.6548318206086469,0.8027229044313733,bullish,lower_edge
2025-10-11 07:28:00,long,110894.2,-1.2741,1.0795,1.1228,7.4335,2025-10-11 07:37:00,7.433499809100992,29.186055589149536,0.9673968274301225,0.313315926892953,0.8761241659414057,bearish,lower_edge
2025-10-14 10:43:00,long,110270.3,-1.2651,3.8796,1.4074,8.3882,2025-10-14 13:38:00,8.388249058142554,30.174878069099165,1.0516649734733516,0.7786695202425684,0.9835919386481236,bearish,lower_edge
2025-10-14 14:44:00,short,111838.4,-1.241,2.2616,1.0981,5.4848,2025-10-14 15:44:00,5.484756549191241,33.19821916520405,0.8091862945031703,0.42667898952556227,0.9996919285274004,bearish,upper_edge
2025-10-16 16:41:00,long,107850.5,-1.2155,3.4028,1.2503,10.2662,2025-10-16 20:35:00,10.266215331247984,37.11559718578685,0.7539398097698093,0.6804629266378819,0.6979207532365651,bearish,lower_edge
2025-10-20 17:23:00,long,110326.2,-1.2845,0.5286,1.5155,4.2634,2025-10-20 17:38:00,4.263373689796296,28.123031001313443,0.9106668902911862,0.8204172876304093,0.8207898658718075,bullish,lower_edge
2025-10-28 03:15:00,long,113710.0,-1.3623,1.2905,1.1471,3.5552,2025-10-28 05:56:00,3.5551534704026877,22.080040705051573,1.3518749278873934,0.5650867052023323,0.8742196531792042,bearish,lower_edge
2025-11-04 18:26:00,long,100585.0,-1.2113,0.5074,1.5362,11.0688,2025-11-04 18:34:00,11.068823283357116,37.85845660031632,0.8314524555903805,0.6105751391465515,0.7888682745825549,bearish,lower_edge
2025-11-04 20:21:00,long,99980.0,-1.1479,2.0287,1.4422,8.9123,2025-11-04 21:32:00,8.912286355405874,54.09346154945238,1.2453854630985004,0.3365711996795456,0.6634288003204545,bearish,lower_edge
2025-11-07 18:03:00,short,102457.2,-1.3067,0.4733,1.0787,12.187,2025-11-07 18:10:00,12.186959647439698,26.085944737342313,0.7328613118671237,0.8761589403973381,0.8761589403973381,bearish,upper_edge
2025-11-19 05:56:00,long,90302.0,-1.2007,5.685,1.1502,7.04,2025-11-19 15:56:00,7.039979996110476,39.85847489535038,1.5040952778938292,0.6477884390358086,0.7900772291130436,bearish,lower_edge
2025-11-20 10:08:00,long,91640.2,-1.2736,3.2036,1.6428,5.6346,2025-11-20 14:01:00,5.634648347635298,29.23927334447938,1.6489911644467325,0.846526655896605,0.8521809369951668,bullish,lower_edge
2025-11-21 07:26:00,long,85288.0,-1.3283,0.2165,1.0163,7.1015,2025-11-21 07:32:00,7.101508553280497,24.366264890723468,0.9983905837136773,0.320605187319878,0.6775936599423699,bearish,lower_edge
2025-11-23 14:36:00,short,86899.0,-1.2298,1.6296,1.0679,3.7066,2025-11-23 15:58:00,3.7065970787233633,34.80600631603505,1.3406522083267318,0.841086245913981,0.8413376917274228,bullish,upper_edge
2025-11-28 16:58:00,long,91052.6,-1.3615,0.1126,1.178,10.0605,2025-11-28 16:59:00,10.060539896784206,22.13226201118958,0.7458179126573082,0.3861797053330734,0.9311060385972245,bullish,lower_edge
2025-12-01 12:56:00,long,85350.0,-1.1009,1.8844,1.189,2.2702,2025-12-01 15:33:00,2.2702031612241336,79.27257511088744,2.534864054806233,0.7840117836100666,0.8905998928762764,bearish,lower_edge
2025-12-03 02:12:00,short,92465.6,-1.3279,0.5124,1.6284,6.9202,2025-12-03 02:14:00,6.9201520912550745,24.4000394277892,0.8947199954677593,0.7846188041786911,0.8250722382751822,bullish,upper_edge
2025-12-10 00:56:00,long,92199.0,-1.3395,0.7411,1.3764,7.9016,2025-12-10 01:33:00,7.901633199288407,23.561380430218634,1.238957917464465,0.8621372031662574,0.996701846965699,bullish,lower_edge
2025-12-18 02:35:00,short,86510.0,-1.201,0.9004,1.0139,2.4601,2025-12-18 04:06:00,2.460069001429433,39.798784616146314,1.9022810687082867,0.6804473059979632,1.0,bearish,upper_edge
2026-01-09 15:41:00,short,91700.0,-1.2159,4.7591,1.1846,5.5907,2026-01-12 02:47:00,5.5906665293520925,37.06130238354856,0.831907750948538,0.5808219178082391,0.9527397260274039,bearish,upper_edge
2026-01-16 15:41:00,long,94637.7,-1.2267,0.1967,1.1457,3.3698,2026-01-16 15:48:00,3.369839103669205,35.285394419228616,0.9783325660235382,0.43804243008677873,0.8811475409836004,bearish,lower_edge
2026-01-25 16:27:00,long,87825.0,-1.2119,0.9251,1.1963,3.3847,2026-01-25 18:14:00,3.384705545225627,37.74787523890814,1.8295123970199905,0.6058242329693325,0.9791991679667182,bearish,lower_edge
2026-01-31 16:48:00,long,80668.6,-1.239,0.42,1.8208,9.0624,2026-01-31 16:48:00,9.062379291916661,33.46832419482666,0.8441154138192631,0.3559980573093775,0.7852517403270162,bearish,lower_edge
2026-03-09 13:41:00,short,68760.9,-1.2139,0.2345,1.6063,5.6768,2026-03-09 13:44:00,5.676821206768212,37.40040799765135,1.1148005945008657,0.9455692001327296,0.9671423830069411,bullish,upper_edge
2026-03-13 22:14:00,long,70811.0,-1.3016,0.238,1.2936,7.4748,2026-03-13 22:17:00,7.47480816177559,26.52755726006976,1.2654316235202907,0.5014218009478121,0.9706161137440207,bearish,lower_edge
2026-03-15 02:56:00,short,71385.0,-1.2485,0.9518,1.0645,3.1469,2026-03-15 04:16:00,3.146864450509556,32.18943555568849,1.5438045877723354,0.8147520135650778,0.8757948283170681,bullish,upper_edge
2026-03-16 13:03:00,short,73867.6,-1.3073,0.6308,1.4884,5.3343,2026-03-16 13:33:00,5.334289259207133,26.030937205795542,1.1388357729080079,0.4962085308056734,0.7644549763033314,bullish,upper_edge
2026-03-24 15:00:00,long,69718.0,-1.2001,1.8732,1.5675,5.8199,2026-03-24 16:40:00,5.819921103019899,39.97010405183249,0.9790182940600585,0.47648514851485885,0.7179985855728387,bullish,lower_edge
2026-04-07 23:11:00,short,71499.9,-1.2457,0.9236,1.9421,13.68,2026-04-07 23:21:00,13.680014973504852,32.55838719454749,0.7120736743210471,0.34726256983238923,0.8391061452513966,bullish,upper_edge
2026-04-10 20:56:00,short,73244.1,-1.2669,3.6085,2.0006,4.2571,2026-04-11 18:37:00,4.257110693207317,29.973550283035184,1.6096889075101883,0.6535465354653464,0.8638786387863966,bullish,upper_edge
2026-04-12 01:57:00,long,71505.0,-1.2128,1.8418,1.879,7.5309,2026-04-12 12:53:00,7.53090258675441,37.58608289130664,1.1808775068261088,0.7142480211081718,0.988918205804757,bullish,lower_edge
